Student_ID,Study_Hours,Attendance,Previous_Marks,Assignment_Score,Internal_Marks,Previous_Failures,Final_Result
ST001,5,88.0,72,80.0,75,0,Pass
ST002,2,65.0,45,55.0,48,2,Fail
ST003,6,92.0,81,85.0,88,0,Pass
ST004,3,70.0,50,60.0,55,1,Fail
ST005,7,95.0,90,92.0,91,0,Pass
ST006,4,67.0,84,77.0,76,0,Pass
ST007,4,67.0,43,45.0,49,1,Fail
ST008,5,83.0,71,81.0,73,0,Pass
ST009,6,91.0,81,83.0,75,0,Pass
ST010,1,61.0,50,47.0,51,2,Fail
ST011,3,65.0,39,43.0,43,0,Fail
ST012,6,84.0,70,68.0,62,0,Pass
ST013,4,76.0,74,68.0,73,0,Pass
ST014,5,81.0,54,49.0,56,0,Pass
ST015,1,64.0,45,46.0,47,1,Fail
ST016,6,87.0,75,69.0,76,0,Pass
ST017,5,88.0,73,64.0,62,0,Pass
ST018,4,,73,72.0,74,1,Pass
ST019,5,88.0,83,82.0,81,0,Pass
ST020,5,86.0,60,51.0,54,1,Fail
ST021,4,67.0,58,55.0,61,0,Fail
ST022,4,81.0,67,72.0,76,1,Fail
ST023,3,72.0,61,64.0,71,0,Pass
ST024,5,76.0,74,79.0,83,0,Pass
ST025,4,70.0,61,61.0,60,0,Fail
ST026,5,67.0,67,59.0,66,1,Fail
ST027,4,57.0,62,53.0,62,0,Fail
ST028,8,87.0,86,84.0,86,0,Pass
ST029,4,81.0,52,56.0,54,0,Fail
ST030,3,72.0,64,69.0,70,0,Pass
ST031,4,75.0,54,61.0,57,0,Pass
ST032,6,90.0,75,71.0,70,1,Pass
ST033,5,90.0,61,54.0,56,0,Fail
ST034,4,82.0,75,70.0,76,0,Pass
ST035,5,91.0,66,67.0,66,0,Pass
ST036,8,100.0,87,84.0,88,0,Pass
ST037,6,69.0,65,59.0,66,1,Fail
ST038,5,69.0,61,61.0,59,2,Fail
ST039,3,60.0,50,48.0,53,0,Fail
ST040,5,79.0,85,76.0,83,0,Pass
ST041,5,88.0,79,79.0,73,0,Pass
ST042,4,82.0,65,61.0,71,0,Pass
ST043,4,79.0,56,56.0,53,3,Fail
ST044,4,61.0,50,52.0,43,1,Fail
ST045,5,88.0,78,68.0,69,0,Pass
ST046,5,80.0,73,,66,0,Pass
ST047,3,87.0,71,78.0,74,1,Fail
ST048,3,70.0,66,55.0,60,1,Fail
ST049,4,70.0,62,49.0,55,1,Fail
ST050,4,85.0,51,43.0,51,0,Fail
ST051,4,77.0,80,75.0,80,1,Pass
ST052,6,84.0,96,88.0,94,0,Pass
ST053,3,74.0,66,64.0,67,0,Fail
ST054,4,82.0,62,71.0,69,0,Pass
ST055,7,81.0,65,48.0,48,0,Fail
ST056,4,80.0,68,69.0,67,0,Pass
ST057,4,87.0,74,81.0,66,0,Pass
ST058,4,64.0,38,33.0,36,2,Fail
ST059,7,82.0,66,61.0,64,0,Pass
ST060,3,71.0,63,56.0,65,0,Fail
ST061,3,62.0,47,44.0,52,3,Fail
ST062,4,81.0,67,62.0,66,0,Pass
ST063,8,92.0,98,100.0,96,0,Pass
ST064,2,75.0,55,65.0,61,1,Fail
ST065,6,91.0,77,73.0,73,0,Pass
ST066,3,59.0,41,53.0,46,1,Fail
ST067,4,76.0,66,63.0,70,0,Pass
ST068,4,91.0,56,68.0,58,0,Pass
ST069,5,97.0,75,72.0,78,0,Pass
ST070,4,86.0,73,72.0,76,0,Pass
ST071,5,88.0,90,86.0,84,0,Pass
ST072,4,81.0,60,78.0,72,0,Pass
ST073,4,68.0,71,71.0,74,0,Fail
ST074,5,89.0,70,65.0,69,0,Pass
ST075,5,76.0,67,70.0,64,1,Fail
ST076,3,66.0,50,47.0,45,3,Fail
ST077,3,61.0,44,42.0,41,0,Fail
ST078,3,58.0,54,58.0,58,1,Fail
ST079,5,71.0,81,76.0,74,1,Fail
ST080,5,73.0,66,66.0,68,0,Fail
ST081,5,83.0,64,65.0,58,0,Fail
ST082,4,72.0,60,61.0,59,1,Fail
ST083,5,91.0,62,64.0,63,0,Pass
ST084,7,92.0,72,59.0,79,0,Pass
ST085,5,69.0,61,64.0,55,1,Fail
ST086,6,85.0,60,55.0,65,0,Pass
ST087,3,68.0,45,39.0,43,0,Fail
ST088,3,72.0,64,61.0,65,1,Fail
ST089,5,,57,57.0,58,1,Fail
ST090,3,69.0,31,32.0,34,1,Fail
ST091,6,81.0,78,79.0,78,0,Pass
ST092,2,79.0,61,51.0,64,1,Fail
ST093,5,71.0,61,58.0,58,0,Fail
ST094,6,83.0,64,61.0,68,3,Fail
ST095,4,98.0,78,74.0,73,0,Pass
ST096,5,87.0,78,76.0,77,1,Pass
ST097,5,86.0,81,68.0,70,0,Pass
ST098,4,74.0,63,65.0,66,1,Fail
ST099,4,81.0,68,66.0,74,0,Pass
ST100,2,59.0,41,30.0,36,2,Fail
ST101,2,61.0,51,38.0,45,0,Fail
ST102,3,59.0,52,50.0,46,0,Fail
ST103,4,70.0,61,56.0,58,0,Fail
ST104,3,77.0,68,66.0,59,1,Fail
ST105,3,72.0,50,50.0,45,0,Fail
ST106,4,80.0,57,58.0,59,0,Fail
ST107,7,94.0,90,91.0,97,0,Pass
ST108,4,72.0,72,61.0,82,0,Pass
ST109,4,89.0,73,64.0,66,0,Pass
ST110,3,66.0,50,44.0,55,0,Fail
ST111,6,81.0,65,65.0,66,1,Fail
ST112,2,57.0,51,58.0,53,1,Fail
ST113,5,72.0,68,62.0,68,1,Fail
ST114,5,75.0,62,49.0,57,0,Fail
ST115,2,50.0,36,30.0,34,1,Fail
ST116,4,91.0,67,61.0,63,0,Pass
ST117,5,86.0,53,52.0,46,0,Fail
ST118,5,67.0,51,49.0,42,0,Fail
ST119,3,53.0,39,41.0,43,0,Fail
ST120,6,61.0,66,63.0,63,1,Fail
ST121,5,69.0,66,,64,2,Fail
ST122,5,95.0,68,62.0,66,0,Pass
ST123,6,81.0,59,54.0,61,1,Fail
ST124,7,92.0,88,87.0,89,0,Pass
ST125,5,78.0,70,57.0,62,0,Pass
ST126,3,57.0,45,49.0,53,0,Fail
ST127,5,78.0,62,63.0,70,0,Pass
ST128,4,81.0,73,69.0,74,2,Fail
ST129,7,92.0,83,90.0,91,0,Pass
ST130,5,92.0,82,74.0,85,0,Pass
ST131,6,84.0,71,81.0,81,1,Pass
ST132,7,98.0,91,85.0,92,0,Pass
ST133,4,61.0,42,36.0,43,1,Fail
ST134,4,76.0,57,56.0,59,0,Fail
ST135,5,78.0,52,45.0,44,1,Fail
ST136,5,68.0,52,49.0,54,0,Fail
ST137,1,58.0,36,41.0,31,2,Fail
ST138,5,93.0,80,79.0,76,0,Pass
ST139,3,74.0,60,56.0,65,0,Fail
ST140,2,70.0,38,46.0,45,1,Fail
ST141,4,,51,58.0,61,0,Fail
ST142,6,90.0,78,82.0,78,0,Pass
ST143,5,88.0,62,67.0,58,1,Fail
ST144,7,100.0,83,90.0,85,0,Pass
ST145,9,100.0,98,84.0,93,0,Pass
ST146,4,80.0,82,75.0,80,2,Fail
ST147,2,61.0,54,48.0,57,1,Fail
ST148,2,52.0,42,42.0,40,2,Fail
ST149,6,84.0,62,59.0,63,2,Fail
ST150,4,60.0,47,47.0,42,0,Fail
ST151,2,77.0,63,72.0,69,0,Fail
ST152,4,68.0,58,56.0,57,0,Fail
ST153,4,83.0,68,68.0,64,0,Pass
ST154,6,75.0,80,76.0,77,0,Pass
ST155,6,75.0,70,68.0,68,0,Pass
ST156,2,66.0,65,63.0,63,0,Fail
ST157,2,62.0,57,57.0,66,1,Fail
ST158,3,61.0,48,54.0,50,2,Fail
ST159,2,72.0,48,60.0,52,0,Fail
ST160,6,76.0,50,55.0,42,0,Fail
ST161,7,96.0,98,95.0,92,1,Pass
ST162,5,81.0,76,65.0,70,0,Pass
ST163,5,83.0,73,72.0,69,0,Pass
ST164,4,77.0,46,54.0,56,1,Fail
ST165,4,69.0,50,55.0,51,0,Fail
ST166,3,70.0,59,58.0,65,0,Fail
ST167,4,73.0,68,69.0,69,0,Pass
ST168,8,100.0,98,96.0,97,0,Pass
ST169,2,81.0,52,59.0,54,2,Fail
ST170,6,87.0,71,72.0,71,0,Pass
ST171,3,66.0,53,50.0,60,0,Fail
ST172,6,84.0,77,77.0,65,0,Pass
ST173,6,76.0,64,46.0,47,0,Fail
ST174,3,69.0,78,74.0,74,2,Fail
ST175,4,72.0,78,51.0,67,0,Pass
ST176,5,70.0,65,51.0,63,0,Pass
ST177,4,85.0,66,68.0,69,0,Fail
ST178,3,73.0,66,66.0,64,1,Fail
ST179,3,60.0,53,44.0,54,1,Fail
ST180,3,69.0,51,46.0,54,0,Fail
ST181,5,84.0,77,81.0,80,0,Pass
ST182,8,94.0,93,85.0,95,0,Pass
ST183,6,76.0,73,83.0,78,0,Pass
ST184,5,80.0,69,66.0,65,0,Pass
ST185,5,82.0,72,72.0,75,0,Pass
ST186,9,84.0,72,82.0,77,0,Pass
ST187,5,80.0,70,68.0,69,0,Pass
ST188,2,75.0,56,50.0,61,1,Fail
ST189,8,85.0,73,72.0,60,0,Pass
ST190,5,84.0,84,78.0,75,0,Pass
ST191,7,86.0,98,83.0,86,0,Pass
ST192,6,88.0,78,72.0,74,0,Pass
ST193,1,72.0,51,46.0,48,1,Fail
ST194,1,61.0,56,59.0,50,1,Fail
ST195,6,98.0,89,85.0,82,0,Pass
ST196,6,83.0,92,86.0,85,0,Pass
ST197,5,69.0,56,56.0,68,0,Pass
ST198,4,72.0,63,62.0,72,0,Pass
ST199,7,88.0,87,87.0,85,0,Pass
ST200,2,70.0,41,37.0,38,0,Fail
ST031,4,75.0,54,61.0,57,0,Pass
ST100,2,59.0,41,30.0,36,2,Fail